Gene,Position,AA,Start date,End date,Shih,Luksza,Koel,Tree occurences
HA1,144,D,2001-06-09,2002-02-04,true,true,false,0
HA1,189,N,2003-07-29,2004-05-24,false,true,true,2
HA1,159,F,2003-08-28,2004-05-24,false,true,true,2
HA1,226,I,2003-09-27,2004-09-21,true,true,false,3
HA1,145,N,2003-12-26,2004-11-20,false,true,true,2
HA1,227,P,2003-05-30,2005-04-19,false,true,false,2
HA2,32,I,2004-06-23,2005-07-18,false,false,false,1
HA1,193,F,2004-12-20,2006-03-15,false,true,true,1
HA2,46,D,2006-06-13,2007-05-09,false,false,false,2
HA2,121,K,2006-06-13,2007-06-08,false,false,false,1
HA1,50,E,2006-09-11,2007-06-08,false,true,false,2
HA1,140,I,2006-11-10,2007-11-05,true,false,false,1
HA1,173,Q,2007-07-08,2009-01-28,true,true,false,2
HA2,32,R,2007-07-08,2009-01-28,false,false,false,1
HA1,158,N,2009-01-28,2009-07-27,true,true,true,2
HA1,189,K,2009-01-28,2009-07-27,false,true,true,2
HA1,212,A,2009-03-29,2011-01-18,false,false,false,2
HA1,45,N,2010-03-24,2013-02-06,false,false,false,3
HA1,223,I,2010-12-19,2013-02-06,false,false,false,2
HA1,48,I,2011-03-19,2013-02-06,false,false,false,1
HA1,198,S,2011-03-19,2013-02-06,false,false,false,1
HA1,312,S,2009-08-26,2013-03-08,false,false,false,3
HA1,278,K,2011-06-17,2013-03-08,false,true,false,1
HA1,145,S,2011-04-18,2013-04-07,false,true,true,4
HA1,33,R,2011-06-17,2013-06-06,false,false,false,2
HA2,160,N,2012-07-11,2015-09-24,false,false,false,3
HA1,225,D,2013-08-05,2015-09-24,false,false,false,3
HA1,3,I,2013-08-05,2016-11-17,false,false,false,2
HA1,159,Y,2014-02-01,2016-11-17,false,true,true,2
HA1,160,T,2014-01-02,2017-07-15,false,true,false,2
